<?xml version="1.0" encoding="UTF-8" ?>
<!DOCTYPE log4j:configuration SYSTEM "log4j.dtd">
<log4j:configuration debug="true"
                     xmlns:log4j='http://jakarta.apache.org/log4j/'>

    <appender name="consoleAppender" class="org.apache.log4j.ConsoleAppender">
        <layout class="org.apache.log4j.PatternLayout">
            <param name="ConversionPattern" value="%d{dd MMM yy HH:mm:ss} %5p %c{1} - %m%n"/>
        </layout>
    </appender>

    <appender name="fileAppender" class="org.apache.log4j.RollingFileAppender">
        <param name="append" value="false"/>
        <param name="file" value="out/learning.log"/>
        <layout class="org.apache.log4j.PatternLayout">
            <param name="ConversionPattern" value="%d{ABSOLUTE} %-5p [%c{1}] %m%n"/>
        </layout>
    </appender>

    <root>
        <level value="INFO"/>
        <appender-ref ref="consoleAppender"/>
        <!--<appender-ref ref="fileAppender"/>-->
    </root>

</log4j:configuration>